﻿<?xml version="1.0" encoding="utf-8"?>
<Project ToolsVersion="12.0" xmlns="http://schemas.microsoft.com/developer/msbuild/2003">
  <PropertyGroup>
    <IncludeCompositeObjects>True</IncludeCompositeObjects>
    <ProfileVersionNumber>1</ProfileVersionNumber>
    <BlockOnPossibleDataLoss>True</BlockOnPossibleDataLoss>
  </PropertyGroup>
  <ItemGroup>
    <SqlCmdVariable Include="CA_Common">
      <Value>#{DACCACommon}</Value>
    </SqlCmdVariable>
    <SqlCmdVariable Include="ClaimantorPlaintiff">
      <Value>#{DACClaimantorPlaintiff}</Value>
    </SqlCmdVariable>
    <SqlCmdVariable Include="Environment">
      <Value>#{DACEnvironment}</Value>
    </SqlCmdVariable>
    <SqlCmdVariable Include="ExecutePermissions">
      <Value>True</Value>
    </SqlCmdVariable>
    <SqlCmdVariable Include="LoadDevData">
      <Value>#{DACLoadDevData}</Value>
    </SqlCmdVariable>
    <SqlCmdVariable Include="master">
      <Value>master</Value>
    </SqlCmdVariable>
    <SqlCmdVariable Include="msdb">
      <Value>msdb</Value>
    </SqlCmdVariable>
  </ItemGroup>
</Project>