﻿<?xml version="1.0" encoding="utf-8"?>
<Project ToolsVersion="12.0" xmlns="http://schemas.microsoft.com/developer/msbuild/2003">
  <PropertyGroup>
    <IncludeCompositeObjects>True</IncludeCompositeObjects>
    <TargetDatabaseName>Facilitator_UAT</TargetDatabaseName>
    <DeployScriptFileName>Facilitator_UAT.Database.sql</DeployScriptFileName>
    <TargetConnectionString>Data Source=D016ECASQLS01.epiqcorp.com\ECAKCDV01;Integrated Security=True;Pooling=False</TargetConnectionString>
    <ProfileVersionNumber>1</ProfileVersionNumber>
  </PropertyGroup>
  <ItemGroup>
    <SqlCmdVariable Include="CA_Common">
      <Value>CA_Common</Value>
    </SqlCmdVariable>
    <SqlCmdVariable Include="ClaimantorPlaintiff">
      <Value>Claimant</Value>
    </SqlCmdVariable>
    <SqlCmdVariable Include="Environment">
      <Value>UAT</Value>
    </SqlCmdVariable>
    <SqlCmdVariable Include="ExecutePermissions">
      <Value>True</Value>
    </SqlCmdVariable>
    <SqlCmdVariable Include="LoadDevData">
      <Value>false</Value>
    </SqlCmdVariable>
    <SqlCmdVariable Include="master">
      <Value>master</Value>
    </SqlCmdVariable>
    <SqlCmdVariable Include="msdb">
      <Value>msdb</Value>
    </SqlCmdVariable>
  </ItemGroup>
</Project>