﻿<?xml version="1.0" encoding="utf-8"?>
<Project ToolsVersion="12.0" xmlns="http://schemas.microsoft.com/developer/msbuild/2003">
  <PropertyGroup>
    <IncludeCompositeObjects>True</IncludeCompositeObjects>
    <TargetDatabaseName>SignatureSvc</TargetDatabaseName>
    <DeployScriptFileName>SignatureSvc.Database.sql</DeployScriptFileName>
    <TargetConnectionString>Data Source=.;Integrated Security=True;Pooling=False</TargetConnectionString>
    <ProfileVersionNumber>1</ProfileVersionNumber>
  </PropertyGroup>
  <ItemGroup>
    <SqlCmdVariable Include="Environment">
      <Value>Localhost</Value>
    </SqlCmdVariable>
  </ItemGroup>
</Project>